year,month,nino_t,nino_tminus1,nino_tminus2,nino_tplus1,nino_tplus2,nino_tplus3,nino_tplus4,nino_tplus5,nino_tplus6
1950,3,-1.42,-1.69,-1.99,-1.54,-1.75,-1.27,-1.01,-0.97,-0.98
1950,4,-1.54,-1.42,-1.69,-1.75,-1.27,-1.01,-0.97,-0.98,-1.03
1950,5,-1.75,-1.54,-1.42,-1.27,-1.01,-0.97,-0.98,-1.03,-1.23
1950,6,-1.27,-1.75,-1.54,-1.01,-0.97,-0.98,-1.03,-1.23,-1.31
1950,7,-1.01,-1.27,-1.75,-0.97,-0.98,-1.03,-1.23,-1.31,-1.3
1950,8,-0.97,-1.01,-1.27,-0.98,-1.03,-1.23,-1.31,-1.3,-1.04
1950,9,-0.98,-0.97,-1.01,-1.03,-1.23,-1.31,-1.3,-1.04,-0.38
1950,10,-1.03,-0.98,-0.97,-1.23,-1.31,-1.3,-1.04,-0.38,-0.23
1950,11,-1.23,-1.03,-0.98,-1.31,-1.3,-1.04,-0.38,-0.23,-0.01
1950,12,-1.31,-1.23,-1.03,-1.3,-1.04,-0.38,-0.23,-0.01,0
1951,1,-1.3,-1.31,-1.23,-1.04,-0.38,-0.23,-0.01,0,0.3
1951,2,-1.04,-1.3,-1.31,-0.38,-0.23,-0.01,0,0.3,0.17
1951,3,-0.38,-1.04,-1.3,-0.23,-0.01,0,0.3,0.17,0.51
1951,4,-0.23,-0.38,-1.04,-0.01,0,0.3,0.17,0.51,0.49
1951,5,-0.01,-0.23,-0.38,0,0.3,0.17,0.51,0.49,0.55
1951,6,0,-0.01,-0.23,0.3,0.17,0.51,0.49,0.55,0.31
1951,7,0.3,0,-0.01,0.17,0.51,0.49,0.55,0.31,0.13
1951,8,0.17,0.3,0,0.51,0.49,0.55,0.31,0.13,-0.01
1951,9,0.51,0.17,0.3,0.49,0.55,0.31,0.13,-0.01,-0.11
1951,10,0.49,0.51,0.17,0.55,0.31,0.13,-0.01,-0.11,-0.02
1951,11,0.55,0.49,0.51,0.31,0.13,-0.01,-0.11,-0.02,-0.14
1951,12,0.31,0.55,0.49,0.13,-0.01,-0.11,-0.02,-0.14,-0.54
1952,1,0.13,0.31,0.55,-0.01,-0.11,-0.02,-0.14,-0.54,-0.76
1952,2,-0.01,0.13,0.31,-0.11,-0.02,-0.14,-0.54,-0.76,-0.56
1952,3,-0.11,-0.01,0.13,-0.02,-0.14,-0.54,-0.76,-0.56,-0.36
1952,4,-0.02,-0.11,-0.01,-0.14,-0.54,-0.76,-0.56,-0.36,-0.46
1952,5,-0.14,-0.02,-0.11,-0.54,-0.76,-0.56,-0.36,-0.46,-0.78
1952,6,-0.54,-0.14,-0.02,-0.76,-0.56,-0.36,-0.46,-0.78,-0.39
1952,7,-0.76,-0.54,-0.14,-0.56,-0.36,-0.46,-0.78,-0.39,0.2
1952,8,-0.56,-0.76,-0.54,-0.36,-0.46,-0.78,-0.39,0.2,0.24
1952,9,-0.36,-0.56,-0.76,-0.46,-0.78,-0.39,0.2,0.24,0.29
1952,10,-0.46,-0.36,-0.56,-0.78,-0.39,0.2,0.24,0.29,0.22
1952,11,-0.78,-0.46,-0.36,-0.39,0.2,0.24,0.29,0.22,0.35
1952,12,-0.39,-0.78,-0.46,0.2,0.24,0.29,0.22,0.35,0.39
1953,1,0.2,-0.39,-0.78,0.24,0.29,0.22,0.35,0.39,0.14
1953,2,0.24,0.2,-0.39,0.29,0.22,0.35,0.39,0.14,0.09
1953,3,0.29,0.24,0.2,0.22,0.35,0.39,0.14,0.09,0.29
1953,4,0.22,0.29,0.24,0.35,0.39,0.14,0.09,0.29,0.16
1953,5,0.35,0.22,0.29,0.39,0.14,0.09,0.29,0.16,0.18
1953,6,0.39,0.35,0.22,0.14,0.09,0.29,0.16,0.18,0.41
1953,7,0.14,0.39,0.35,0.09,0.29,0.16,0.18,0.41,0.43
1953,8,0.09,0.14,0.39,0.29,0.16,0.18,0.41,0.43,0.28
1953,9,0.29,0.09,0.14,0.16,0.18,0.41,0.43,0.28,-0.38
1953,10,0.16,0.29,0.09,0.18,0.41,0.43,0.28,-0.38,-1.17
1953,11,0.18,0.16,0.29,0.41,0.43,0.28,-0.38,-1.17,-0.81
1953,12,0.41,0.18,0.16,0.43,0.28,-0.38,-1.17,-0.81,-0.93
1954,1,0.43,0.41,0.18,0.28,-0.38,-1.17,-0.81,-0.93,-1.18
1954,2,0.28,0.43,0.41,-0.38,-1.17,-0.81,-0.93,-1.18,-1.43
1954,3,-0.38,0.28,0.43,-1.17,-0.81,-0.93,-1.18,-1.43,-1.6
1954,4,-1.17,-0.38,0.28,-0.81,-0.93,-1.18,-1.43,-1.6,-1.48
1954,5,-0.81,-1.17,-0.38,-0.93,-1.18,-1.43,-1.6,-1.48,-1.13
1954,6,-0.93,-0.81,-1.17,-1.18,-1.43,-1.6,-1.48,-1.13,-1.33
1954,7,-1.18,-0.93,-0.81,-1.43,-1.6,-1.48,-1.13,-1.33,-0.93
1954,8,-1.43,-1.18,-0.93,-1.6,-1.48,-1.13,-1.33,-0.93,-0.95
1954,9,-1.6,-1.43,-1.18,-1.48,-1.13,-1.33,-0.93,-0.95,-1.06
1954,10,-1.48,-1.6,-1.43,-1.13,-1.33,-0.93,-0.95,-1.06,-1.22
1954,11,-1.13,-1.48,-1.6,-1.33,-0.93,-0.95,-1.06,-1.22,-1.28
1954,12,-1.33,-1.13,-1.48,-0.93,-0.95,-1.06,-1.22,-1.28,-1.18
1955,1,-0.93,-1.33,-1.13,-0.95,-1.06,-1.22,-1.28,-1.18,-1.15
1955,2,-0.95,-0.93,-1.33,-1.06,-1.22,-1.28,-1.18,-1.15,-1.35
1955,3,-1.06,-0.95,-0.93,-1.22,-1.28,-1.18,-1.15,-1.35,-1.43
1955,4,-1.22,-1.06,-0.95,-1.28,-1.18,-1.15,-1.35,-1.43,-2.31
1955,5,-1.28,-1.22,-1.06,-1.18,-1.15,-1.35,-1.43,-2.31,-2.45
1955,6,-1.18,-1.28,-1.22,-1.15,-1.35,-1.43,-2.31,-2.45,-2.03
1955,7,-1.15,-1.18,-1.28,-1.35,-1.43,-2.31,-2.45,-2.03,-1.2
1955,8,-1.35,-1.15,-1.18,-1.43,-2.31,-2.45,-2.03,-1.2,-0.99
1955,9,-1.43,-1.35,-1.15,-2.31,-2.45,-2.03,-1.2,-0.99,-0.83
1955,10,-2.31,-1.43,-1.35,-2.45,-2.03,-1.2,-0.99,-0.83,-0.97
1955,11,-2.45,-2.31,-1.43,-2.03,-1.2,-0.99,-0.83,-0.97,-0.8
1955,12,-2.03,-2.45,-2.31,-1.2,-0.99,-0.83,-0.97,-0.8,-0.92
1956,1,-1.2,-2.03,-2.45,-0.99,-0.83,-0.97,-0.8,-0.92,-1.06
1956,2,-0.99,-1.2,-2.03,-0.83,-0.97,-0.8,-0.92,-1.06,-1.17
1956,3,-0.83,-0.99,-1.2,-0.97,-0.8,-0.92,-1.06,-1.17,-0.98
1956,4,-0.97,-0.83,-0.99,-0.8,-0.92,-1.06,-1.17,-0.98,-0.97
1956,5,-0.8,-0.97,-0.83,-0.92,-1.06,-1.17,-0.98,-0.97,-1.14
1956,6,-0.92,-0.8,-0.97,-1.06,-1.17,-0.98,-0.97,-1.14,-0.89
1956,7,-1.06,-0.92,-0.8,-1.17,-0.98,-0.97,-1.14,-0.89,-0.51
1956,8,-1.17,-1.06,-0.92,-0.98,-0.97,-1.14,-0.89,-0.51,-0.22
1956,9,-0.98,-1.17,-1.06,-0.97,-1.14,-0.89,-0.51,-0.22,0.18
1956,10,-0.97,-0.98,-1.17,-1.14,-0.89,-0.51,-0.22,0.18,0.41
1956,11,-1.14,-0.97,-0.98,-0.89,-0.51,-0.22,0.18,0.41,0.62
1956,12,-0.89,-1.14,-0.97,-0.51,-0.22,0.18,0.41,0.62,0.63
1957,1,-0.51,-0.89,-1.14,-0.22,0.18,0.41,0.62,0.63,0.87
1957,2,-0.22,-0.51,-0.89,0.18,0.41,0.62,0.63,0.87,0.84
1957,3,0.18,-0.22,-0.51,0.41,0.62,0.63,0.87,0.84,0.72
1957,4,0.41,0.18,-0.22,0.62,0.63,0.87,0.84,0.72,0.7
1957,5,0.62,0.41,0.18,0.63,0.87,0.84,0.72,0.7,0.92
1957,6,0.63,0.62,0.41,0.87,0.84,0.72,0.7,0.92,1.3
1957,7,0.87,0.63,0.62,0.84,0.72,0.7,0.92,1.3,1.78
1957,8,0.84,0.87,0.63,0.72,0.7,0.92,1.3,1.78,1.49
1957,9,0.72,0.84,0.87,0.7,0.92,1.3,1.78,1.49,0.98
1957,10,0.7,0.72,0.84,0.92,1.3,1.78,1.49,0.98,0.46
1957,11,0.92,0.7,0.72,1.3,1.78,1.49,0.98,0.46,0.38
1957,12,1.3,0.92,0.7,1.78,1.49,0.98,0.46,0.38,0.26
1958,1,1.78,1.3,0.92,1.49,0.98,0.46,0.38,0.26,0.03
1958,2,1.49,1.78,1.3,0.98,0.46,0.38,0.26,0.03,-0.01
1958,3,0.98,1.49,1.78,0.46,0.38,0.26,0.03,-0.01,-0.32
1958,4,0.46,0.98,1.49,0.38,0.26,0.03,-0.01,-0.32,-0.27
1958,5,0.38,0.46,0.98,0.26,0.03,-0.01,-0.32,-0.27,0.05
1958,6,0.26,0.38,0.46,0.03,-0.01,-0.32,-0.27,0.05,0.02
1958,7,0.03,0.26,0.38,-0.01,-0.32,-0.27,0.05,0.02,0.53
1958,8,-0.01,0.03,0.26,-0.32,-0.27,0.05,0.02,0.53,0.43
1958,9,-0.32,-0.01,0.03,-0.27,0.05,0.02,0.53,0.43,0.19
1958,10,-0.27,-0.32,-0.01,0.05,0.02,0.53,0.43,0.19,0.06
1958,11,0.05,-0.27,-0.32,0.02,0.53,0.43,0.19,0.06,-0.23
1958,12,0.02,0.05,-0.27,0.53,0.43,0.19,0.06,-0.23,-0.35
1959,1,0.53,0.02,0.05,0.43,0.19,0.06,-0.23,-0.35,-0.86
1959,2,0.43,0.53,0.02,0.19,0.06,-0.23,-0.35,-0.86,-0.77
1959,3,0.19,0.43,0.53,0.06,-0.23,-0.35,-0.86,-0.77,-0.8
1959,4,0.06,0.19,0.43,-0.23,-0.35,-0.86,-0.77,-0.8,-0.48
1959,5,-0.23,0.06,0.19,-0.35,-0.86,-0.77,-0.8,-0.48,-0.66
1959,6,-0.35,-0.23,0.06,-0.86,-0.77,-0.8,-0.48,-0.66,-0.42
1959,7,-0.86,-0.35,-0.23,-0.77,-0.8,-0.48,-0.66,-0.42,-0.28
1959,8,-0.77,-0.86,-0.35,-0.8,-0.48,-0.66,-0.42,-0.28,-0.46
1959,9,-0.8,-0.77,-0.86,-0.48,-0.66,-0.42,-0.28,-0.46,-0.3
1959,10,-0.48,-0.8,-0.77,-0.66,-0.42,-0.28,-0.46,-0.3,-0.33
1959,11,-0.66,-0.48,-0.8,-0.42,-0.28,-0.46,-0.3,-0.33,-0.25
1959,12,-0.42,-0.66,-0.48,-0.28,-0.46,-0.3,-0.33,-0.25,-0.49
1960,1,-0.28,-0.42,-0.66,-0.46,-0.3,-0.33,-0.25,-0.49,-0.41
1960,2,-0.46,-0.28,-0.42,-0.3,-0.33,-0.25,-0.49,-0.41,-0.15
1960,3,-0.3,-0.46,-0.28,-0.33,-0.25,-0.49,-0.41,-0.15,-0.28
1960,4,-0.33,-0.3,-0.46,-0.25,-0.49,-0.41,-0.15,-0.28,-0.49
1960,5,-0.25,-0.33,-0.3,-0.49,-0.41,-0.15,-0.28,-0.49,-0.45
1960,6,-0.49,-0.25,-0.33,-0.41,-0.15,-0.28,-0.49,-0.45,-0.38
1960,7,-0.41,-0.49,-0.25,-0.15,-0.28,-0.49,-0.45,-0.38,-0.31
1960,8,-0.15,-0.41,-0.49,-0.28,-0.49,-0.45,-0.38,-0.31,-0.19
1960,9,-0.28,-0.15,-0.41,-0.49,-0.45,-0.38,-0.31,-0.19,-0.35
1960,10,-0.49,-0.28,-0.15,-0.45,-0.38,-0.31,-0.19,-0.35,-0.46
1960,11,-0.45,-0.49,-0.28,-0.38,-0.31,-0.19,-0.35,-0.46,-0.18
1960,12,-0.38,-0.45,-0.49,-0.31,-0.19,-0.35,-0.46,-0.18,-0.06
1961,1,-0.31,-0.38,-0.45,-0.19,-0.35,-0.46,-0.18,-0.06,-0.41
1961,2,-0.19,-0.31,-0.38,-0.35,-0.46,-0.18,-0.06,-0.41,-0.67
1961,3,-0.35,-0.19,-0.31,-0.46,-0.18,-0.06,-0.41,-0.67,-0.94
1961,4,-0.46,-0.35,-0.19,-0.18,-0.06,-0.41,-0.67,-0.94,-1.01
1961,5,-0.18,-0.46,-0.35,-0.06,-0.41,-0.67,-0.94,-1.01,-0.63
1961,6,-0.06,-0.18,-0.46,-0.41,-0.67,-0.94,-1.01,-0.63,-0.63
1961,7,-0.41,-0.06,-0.18,-0.67,-0.94,-1.01,-0.63,-0.63,-0.59
1961,8,-0.67,-0.41,-0.06,-0.94,-1.01,-0.63,-0.63,-0.59,-0.57
1961,9,-0.94,-0.67,-0.41,-1.01,-0.63,-0.63,-0.59,-0.57,-0.48
1961,10,-1.01,-0.94,-0.67,-0.63,-0.63,-0.59,-0.57,-0.48,-0.69
1961,11,-0.63,-1.01,-0.94,-0.63,-0.59,-0.57,-0.48,-0.69,-0.89
1961,12,-0.63,-0.63,-1.01,-0.59,-0.57,-0.48,-0.69,-0.89,-0.65
1962,1,-0.59,-0.63,-0.63,-0.57,-0.48,-0.69,-0.89,-0.65,-0.53
1962,2,-0.57,-0.59,-0.63,-0.48,-0.69,-0.89,-0.65,-0.53,-0.53
1962,3,-0.48,-0.57,-0.59,-0.69,-0.89,-0.65,-0.53,-0.53,-0.78
1962,4,-0.69,-0.48,-0.57,-0.89,-0.65,-0.53,-0.53,-0.78,-0.75
1962,5,-0.89,-0.69,-0.48,-0.65,-0.53,-0.53,-0.78,-0.75,-0.95
1962,6,-0.65,-0.89,-0.69,-0.53,-0.53,-0.78,-0.75,-0.95,-0.93
1962,7,-0.53,-0.65,-0.89,-0.53,-0.78,-0.75,-0.95,-0.93,-0.78
1962,8,-0.53,-0.53,-0.65,-0.78,-0.75,-0.95,-0.93,-0.78,-0.53
1962,9,-0.78,-0.53,-0.53,-0.75,-0.95,-0.93,-0.78,-0.53,-0.1
1962,10,-0.75,-0.78,-0.53,-0.95,-0.93,-0.78,-0.53,-0.1,-0.03
1962,11,-0.95,-0.75,-0.78,-0.93,-0.78,-0.53,-0.1,-0.03,-0.3
1962,12,-0.93,-0.95,-0.75,-0.78,-0.53,-0.1,-0.03,-0.3,-0.11
1963,1,-0.78,-0.93,-0.95,-0.53,-0.1,-0.03,-0.3,-0.11,0.49
1963,2,-0.53,-0.78,-0.93,-0.1,-0.03,-0.3,-0.11,0.49,0.62
1963,3,-0.1,-0.53,-0.78,-0.03,-0.3,-0.11,0.49,0.62,0.68
1963,4,-0.03,-0.1,-0.53,-0.3,-0.11,0.49,0.62,0.68,0.64
1963,5,-0.3,-0.03,-0.1,-0.11,0.49,0.62,0.68,0.64,0.77
1963,6,-0.11,-0.3,-0.03,0.49,0.62,0.68,0.64,0.77,1.02
1963,7,0.49,-0.11,-0.3,0.62,0.68,0.64,0.77,1.02,0.79
1963,8,0.62,0.49,-0.11,0.68,0.64,0.77,1.02,0.79,0.38
1963,9,0.68,0.62,0.49,0.64,0.77,1.02,0.79,0.38,-0.26
1963,10,0.64,0.68,0.62,0.77,1.02,0.79,0.38,-0.26,-0.87
1963,11,0.77,0.64,0.68,1.02,0.79,0.38,-0.26,-0.87,-1.12
1963,12,1.02,0.77,0.64,0.79,0.38,-0.26,-0.87,-1.12,-1.14
1964,1,0.79,1.02,0.77,0.38,-0.26,-0.87,-1.12,-1.14,-0.96
1964,2,0.38,0.79,1.02,-0.26,-0.87,-1.12,-1.14,-0.96,-1.26
1964,3,-0.26,0.38,0.79,-0.87,-1.12,-1.14,-0.96,-1.26,-1.4
1964,4,-0.87,-0.26,0.38,-1.12,-1.14,-0.96,-1.26,-1.4,-1.35
1964,5,-1.12,-0.87,-0.26,-1.14,-0.96,-1.26,-1.4,-1.35,-1.44
1964,6,-1.14,-1.12,-0.87,-0.96,-1.26,-1.4,-1.35,-1.44,-1.37
1964,7,-0.96,-1.14,-1.12,-1.26,-1.4,-1.35,-1.44,-1.37,-0.89
1964,8,-1.26,-0.96,-1.14,-1.4,-1.35,-1.44,-1.37,-0.89,-0.56
1964,9,-1.4,-1.26,-0.96,-1.35,-1.44,-1.37,-0.89,-0.56,-0.34
1964,10,-1.35,-1.4,-1.26,-1.44,-1.37,-0.89,-0.56,-0.34,-0.44
1964,11,-1.44,-1.35,-1.4,-1.37,-0.89,-0.56,-0.34,-0.44,0.06
1964,12,-1.37,-1.44,-1.35,-0.89,-0.56,-0.34,-0.44,0.06,0.36
1965,1,-0.89,-1.37,-1.44,-0.56,-0.34,-0.44,0.06,0.36,0.61
1965,2,-0.56,-0.89,-1.37,-0.34,-0.44,0.06,0.36,0.61,1.12
1965,3,-0.34,-0.56,-0.89,-0.44,0.06,0.36,0.61,1.12,1.29
1965,4,-0.44,-0.34,-0.56,0.06,0.36,0.61,1.12,1.29,1.45
1965,5,0.06,-0.44,-0.34,0.36,0.61,1.12,1.29,1.45,1.42
1965,6,0.36,0.06,-0.44,0.61,1.12,1.29,1.45,1.42,1.36
1965,7,0.61,0.36,0.06,1.12,1.29,1.45,1.42,1.36,1.12
1965,8,1.12,0.61,0.36,1.29,1.45,1.42,1.36,1.12,0.8
1965,9,1.29,1.12,0.61,1.45,1.42,1.36,1.12,0.8,0.93
1965,10,1.45,1.29,1.12,1.42,1.36,1.12,0.8,0.93,0.35
1965,11,1.42,1.45,1.29,1.36,1.12,0.8,0.93,0.35,-0.38
1965,12,1.36,1.42,1.45,1.12,0.8,0.93,0.35,-0.38,-0.08
1966,1,1.12,1.36,1.42,0.8,0.93,0.35,-0.38,-0.08,0.04
1966,2,0.8,1.12,1.36,0.93,0.35,-0.38,-0.08,0.04,-0.37
1966,3,0.93,0.8,1.12,0.35,-0.38,-0.08,0.04,-0.37,-0.44
1966,4,0.35,0.93,0.8,-0.38,-0.08,0.04,-0.37,-0.44,-0.5
1966,5,-0.38,0.35,0.93,-0.08,0.04,-0.37,-0.44,-0.5,-0.47
1966,6,-0.08,-0.38,0.35,0.04,-0.37,-0.44,-0.5,-0.47,-0.57
1966,7,0.04,-0.08,-0.38,-0.37,-0.44,-0.5,-0.47,-0.57,-0.67
1966,8,-0.37,0.04,-0.08,-0.44,-0.5,-0.47,-0.57,-0.67,-0.64
1966,9,-0.44,-0.37,0.04,-0.5,-0.47,-0.57,-0.67,-0.64,-0.78
1966,10,-0.5,-0.44,-0.37,-0.47,-0.57,-0.67,-0.64,-0.78,-1.08
1966,11,-0.47,-0.5,-0.44,-0.57,-0.67,-0.64,-0.78,-1.08,-0.59
1966,12,-0.57,-0.47,-0.5,-0.67,-0.64,-0.78,-1.08,-0.59,-0.26
1967,1,-0.67,-0.57,-0.47,-0.64,-0.78,-1.08,-0.59,-0.26,-0.33
1967,2,-0.64,-0.67,-0.57,-0.78,-1.08,-0.59,-0.26,-0.33,-0.42
1967,3,-0.78,-0.64,-0.67,-1.08,-0.59,-0.26,-0.33,-0.42,-0.86
1967,4,-1.08,-0.78,-0.64,-0.59,-0.26,-0.33,-0.42,-0.86,-0.74
1967,5,-0.59,-1.08,-0.78,-0.26,-0.33,-0.42,-0.86,-0.74,-0.62
1967,6,-0.26,-0.59,-1.08,-0.33,-0.42,-0.86,-0.74,-0.62,-0.65
1967,7,-0.33,-0.26,-0.59,-0.42,-0.86,-0.74,-0.62,-0.65,-0.85
1967,8,-0.42,-0.33,-0.26,-0.86,-0.74,-0.62,-0.65,-0.85,-1.07
1967,9,-0.86,-0.42,-0.33,-0.74,-0.62,-0.65,-0.85,-1.07,-0.95
1967,10,-0.74,-0.86,-0.42,-0.62,-0.65,-0.85,-1.07,-0.95,-0.72
1967,11,-0.62,-0.74,-0.86,-0.65,-0.85,-1.07,-0.95,-0.72,-0.75
1967,12,-0.65,-0.62,-0.74,-0.85,-1.07,-0.95,-0.72,-0.75,0.15
1968,1,-0.85,-0.65,-0.62,-1.07,-0.95,-0.72,-0.75,0.15,0.28
1968,2,-1.07,-0.85,-0.65,-0.95,-0.72,-0.75,0.15,0.28,0.16
1968,3,-0.95,-1.07,-0.85,-0.72,-0.75,0.15,0.28,0.16,0.01
1968,4,-0.72,-0.95,-1.07,-0.75,0.15,0.28,0.16,0.01,0.04
1968,5,-0.75,-0.72,-0.95,0.15,0.28,0.16,0.01,0.04,0.5
1968,6,0.15,-0.75,-0.72,0.28,0.16,0.01,0.04,0.5,0.67
1968,7,0.28,0.15,-0.75,0.16,0.01,0.04,0.5,0.67,0.95
1968,8,0.16,0.28,0.15,0.01,0.04,0.5,0.67,0.95,1.11
1968,9,0.01,0.16,0.28,0.04,0.5,0.67,0.95,1.11,0.54
1968,10,0.04,0.01,0.16,0.5,0.67,0.95,1.11,0.54,0.31
1968,11,0.5,0.04,0.01,0.67,0.95,1.11,0.54,0.31,0.35
1968,12,0.67,0.5,0.04,0.95,1.11,0.54,0.31,0.35,-0.04
1969,1,0.95,0.67,0.5,1.11,0.54,0.31,0.35,-0.04,-0.21
1969,2,1.11,0.95,0.67,0.54,0.31,0.35,-0.04,-0.21,0.16
1969,3,0.54,1.11,0.95,0.31,0.35,-0.04,-0.21,0.16,0.43
1969,4,0.31,0.54,1.11,0.35,-0.04,-0.21,0.16,0.43,0.62
1969,5,0.35,0.31,0.54,-0.04,-0.21,0.16,0.43,0.62,0.4
1969,6,-0.04,0.35,0.31,-0.21,0.16,0.43,0.62,0.4,0.38
1969,7,-0.21,-0.04,0.35,0.16,0.43,0.62,0.4,0.38,0.28
1969,8,0.16,-0.21,-0.04,0.43,0.62,0.4,0.38,0.28,0.2
1969,9,0.43,0.16,-0.21,0.62,0.4,0.38,0.28,0.2,-0.14
1969,10,0.62,0.43,0.16,0.4,0.38,0.28,0.2,-0.14,-0.08
1969,11,0.4,0.62,0.43,0.38,0.28,0.2,-0.14,-0.08,-0.3
1969,12,0.38,0.4,0.62,0.28,0.2,-0.14,-0.08,-0.3,-0.69
1970,1,0.28,0.38,0.4,0.2,-0.14,-0.08,-0.3,-0.69,-1.08
1970,2,0.2,0.28,0.38,-0.14,-0.08,-0.3,-0.69,-1.08,-1.26
1970,3,-0.14,0.2,0.28,-0.08,-0.3,-0.69,-1.08,-1.26,-1.07
1970,4,-0.08,-0.14,0.2,-0.3,-0.69,-1.08,-1.26,-1.07,-1.12
1970,5,-0.3,-0.08,-0.14,-0.69,-1.08,-1.26,-1.07,-1.12,-1.13
1970,6,-0.69,-0.3,-0.08,-1.08,-1.26,-1.07,-1.12,-1.13,-1.33
1970,7,-1.08,-0.69,-0.3,-1.26,-1.07,-1.12,-1.13,-1.33,-1.73
1970,8,-1.26,-1.08,-0.69,-1.07,-1.12,-1.13,-1.33,-1.73,-1.57
1970,9,-1.07,-1.26,-1.08,-1.12,-1.13,-1.33,-1.73,-1.57,-1.36
1970,10,-1.12,-1.07,-1.26,-1.13,-1.33,-1.73,-1.57,-1.36,-1.18
1970,11,-1.13,-1.12,-1.07,-1.33,-1.73,-1.57,-1.36,-1.18,-0.98
1970,12,-1.33,-1.13,-1.12,-1.73,-1.57,-1.36,-1.18,-0.98,-1.13
1971,1,-1.73,-1.33,-1.13,-1.57,-1.36,-1.18,-0.98,-1.13,-1.17
1971,2,-1.57,-1.73,-1.33,-1.36,-1.18,-0.98,-1.13,-1.17,-1.1
1971,3,-1.36,-1.57,-1.73,-1.18,-0.98,-1.13,-1.17,-1.1,-1
1971,4,-1.18,-1.36,-1.57,-0.98,-1.13,-1.17,-1.1,-1,-1.24
1971,5,-0.98,-1.18,-1.36,-1.13,-1.17,-1.1,-1,-1.24,-1.15
1971,6,-1.13,-0.98,-1.18,-1.17,-1.1,-1,-1.24,-1.15,-1.23
1971,7,-1.17,-1.13,-0.98,-1.1,-1,-1.24,-1.15,-1.23,-0.92
1971,8,-1.1,-1.17,-1.13,-1,-1.24,-1.15,-1.23,-0.92,-0.45
1971,9,-1,-1.1,-1.17,-1.24,-1.15,-1.23,-0.92,-0.45,-0.19
1971,10,-1.24,-1,-1.1,-1.15,-1.23,-0.92,-0.45,-0.19,0.07
1971,11,-1.15,-1.24,-1,-1.23,-0.92,-0.45,-0.19,0.07,0.38
1971,12,-1.23,-1.15,-1.24,-0.92,-0.45,-0.19,0.07,0.38,0.45
1972,1,-0.92,-1.23,-1.15,-0.45,-0.19,0.07,0.38,0.45,0.85
1972,2,-0.45,-0.92,-1.23,-0.19,0.07,0.38,0.45,0.85,1.09
1972,3,-0.19,-0.45,-0.92,0.07,0.38,0.45,0.85,1.09,1.23
1972,4,0.07,-0.19,-0.45,0.38,0.45,0.85,1.09,1.23,1.54
1972,5,0.38,0.07,-0.19,0.45,0.85,1.09,1.23,1.54,1.9
1972,6,0.45,0.38,0.07,0.85,1.09,1.23,1.54,1.9,2.09
1972,7,0.85,0.45,0.38,1.09,1.23,1.54,1.9,2.09,1.8
1972,8,1.09,0.85,0.45,1.23,1.54,1.9,2.09,1.8,1.2
1972,9,1.23,1.09,0.85,1.54,1.9,2.09,1.8,1.2,0.27
1972,10,1.54,1.23,1.09,1.9,2.09,1.8,1.2,0.27,-0.58
1972,11,1.9,1.54,1.23,2.09,1.8,1.2,0.27,-0.58,-0.97
1972,12,2.09,1.9,1.54,1.8,1.2,0.27,-0.58,-0.97,-1.18
1973,1,1.8,2.09,1.9,1.2,0.27,-0.58,-0.97,-1.18,-1.54
1973,2,1.2,1.8,2.09,0.27,-0.58,-0.97,-1.18,-1.54,-1.63
1973,3,0.27,1.2,1.8,-0.58,-0.97,-1.18,-1.54,-1.63,-1.66
1973,4,-0.58,0.27,1.2,-0.97,-1.18,-1.54,-1.63,-1.66,-1.98
1973,5,-0.97,-0.58,0.27,-1.18,-1.54,-1.63,-1.66,-1.98,-2.37
1973,6,-1.18,-0.97,-0.58,-1.54,-1.63,-1.66,-1.98,-2.37,-2.26
1973,7,-1.54,-1.18,-0.97,-1.63,-1.66,-1.98,-2.37,-2.26,-2.09
1973,8,-1.63,-1.54,-1.18,-1.66,-1.98,-2.37,-2.26,-2.09,-1.66
1973,9,-1.66,-1.63,-1.54,-1.98,-2.37,-2.26,-2.09,-1.66,-1.45
1973,10,-1.98,-1.66,-1.63,-2.37,-2.26,-2.09,-1.66,-1.45,-1.36
1973,11,-2.37,-1.98,-1.66,-2.26,-2.09,-1.66,-1.45,-1.36,-1.29
1973,12,-2.26,-2.37,-1.98,-2.09,-1.66,-1.45,-1.36,-1.29,-1.2
1974,1,-2.09,-2.26,-2.37,-1.66,-1.45,-1.36,-1.29,-1.2,-0.9
1974,2,-1.66,-2.09,-2.26,-1.45,-1.36,-1.29,-1.2,-0.9,-0.52
1974,3,-1.45,-1.66,-2.09,-1.36,-1.29,-1.2,-0.9,-0.52,-0.64
1974,4,-1.36,-1.45,-1.66,-1.29,-1.2,-0.9,-0.52,-0.64,-0.94
1974,5,-1.29,-1.36,-1.45,-1.2,-0.9,-0.52,-0.64,-0.94,-1.09
1974,6,-1.2,-1.29,-1.36,-0.9,-0.52,-0.64,-0.94,-1.09,-0.97
1974,7,-0.9,-1.2,-1.29,-0.52,-0.64,-0.94,-1.09,-0.97,-0.45
1974,8,-0.52,-0.9,-1.2,-0.64,-0.94,-1.09,-0.97,-0.45,-0.68
1974,9,-0.64,-0.52,-0.9,-0.94,-1.09,-0.97,-0.45,-0.68,-1.09
1974,10,-0.94,-0.64,-0.52,-1.09,-0.97,-0.45,-0.68,-1.09,-0.96
1974,11,-1.09,-0.94,-0.64,-0.97,-0.45,-0.68,-1.09,-0.96,-1.13
1974,12,-0.97,-1.09,-0.94,-0.45,-0.68,-1.09,-0.96,-1.13,-1.5
1975,1,-0.45,-0.97,-1.09,-0.68,-1.09,-0.96,-1.13,-1.5,-1.39
1975,2,-0.68,-0.45,-0.97,-1.09,-0.96,-1.13,-1.5,-1.39,-1.52
1975,3,-1.09,-0.68,-0.45,-0.96,-1.13,-1.5,-1.39,-1.52,-1.66
1975,4,-0.96,-1.09,-0.68,-1.13,-1.5,-1.39,-1.52,-1.66,-1.83
1975,5,-1.13,-0.96,-1.09,-1.5,-1.39,-1.52,-1.66,-1.83,-1.66
1975,6,-1.5,-1.13,-0.96,-1.39,-1.52,-1.66,-1.83,-1.66,-1.93
1975,7,-1.39,-1.5,-1.13,-1.52,-1.66,-1.83,-1.66,-1.93,-2.01
1975,8,-1.52,-1.39,-1.5,-1.66,-1.83,-1.66,-1.93,-2.01,-1.26
1975,9,-1.66,-1.52,-1.39,-1.83,-1.66,-1.93,-2.01,-1.26,-0.82
1975,10,-1.83,-1.66,-1.52,-1.66,-1.93,-2.01,-1.26,-0.82,-0.93
1975,11,-1.66,-1.83,-1.66,-1.93,-2.01,-1.26,-0.82,-0.93,-0.74
1975,12,-1.93,-1.66,-1.83,-2.01,-1.26,-0.82,-0.93,-0.74,-0.38
1976,1,-2.01,-1.93,-1.66,-1.26,-0.82,-0.93,-0.74,-0.38,-0.16
1976,2,-1.26,-2.01,-1.93,-0.82,-0.93,-0.74,-0.38,-0.16,0.12
1976,3,-0.82,-1.26,-2.01,-0.93,-0.74,-0.38,-0.16,0.12,0.3
1976,4,-0.93,-0.82,-1.26,-0.74,-0.38,-0.16,0.12,0.3,0.75
1976,5,-0.74,-0.93,-0.82,-0.38,-0.16,0.12,0.3,0.75,0.71
1976,6,-0.38,-0.74,-0.93,-0.16,0.12,0.3,0.75,0.71,0.49
1976,7,-0.16,-0.38,-0.74,0.12,0.3,0.75,0.71,0.49,0.78
1976,8,0.12,-0.16,-0.38,0.3,0.75,0.71,0.49,0.78,0.37
1976,9,0.3,0.12,-0.16,0.75,0.71,0.49,0.78,0.37,0.19
1976,10,0.75,0.3,0.12,0.71,0.49,0.78,0.37,0.19,-0.38
1976,11,0.71,0.75,0.3,0.49,0.78,0.37,0.19,-0.38,-0.21
1976,12,0.49,0.71,0.75,0.78,0.37,0.19,-0.38,-0.21,0.01
1977,1,0.78,0.49,0.71,0.37,0.19,-0.38,-0.21,0.01,0.09
1977,2,0.37,0.78,0.49,0.19,-0.38,-0.21,0.01,0.09,-0.01
1977,3,0.19,0.37,0.78,-0.38,-0.21,0.01,0.09,-0.01,0.4
1977,4,-0.38,0.19,0.37,-0.21,0.01,0.09,-0.01,0.4,0.63
1977,5,-0.21,-0.38,0.19,0.01,0.09,-0.01,0.4,0.63,0.48
1977,6,0.01,-0.21,-0.38,0.09,-0.01,0.4,0.63,0.48,0.7
1977,7,0.09,0.01,-0.21,-0.01,0.4,0.63,0.48,0.7,0.62
1977,8,-0.01,0.09,0.01,0.4,0.63,0.48,0.7,0.62,0.25
1977,9,0.4,-0.01,0.09,0.63,0.48,0.7,0.62,0.25,-0.2
1977,10,0.63,0.4,-0.01,0.48,0.7,0.62,0.25,-0.2,-0.7
1977,11,0.48,0.63,0.4,0.7,0.62,0.25,-0.2,-0.7,-0.74
1977,12,0.7,0.48,0.63,0.62,0.25,-0.2,-0.7,-0.74,-0.71
1978,1,0.62,0.7,0.48,0.25,-0.2,-0.7,-0.74,-0.71,-0.55
1978,2,0.25,0.62,0.7,-0.2,-0.7,-0.74,-0.71,-0.55,-0.79
1978,3,-0.2,0.25,0.62,-0.7,-0.74,-0.71,-0.55,-0.79,-0.71
1978,4,-0.7,-0.2,0.25,-0.74,-0.71,-0.55,-0.79,-0.71,-0.46
1978,5,-0.74,-0.7,-0.2,-0.71,-0.55,-0.79,-0.71,-0.46,-0.38
1978,6,-0.71,-0.74,-0.7,-0.55,-0.79,-0.71,-0.46,-0.38,-0.06
1978,7,-0.55,-0.71,-0.74,-0.79,-0.71,-0.46,-0.38,-0.06,-0.13
1978,8,-0.79,-0.55,-0.71,-0.71,-0.46,-0.38,-0.06,-0.13,-0.22
1978,9,-0.71,-0.79,-0.55,-0.46,-0.38,-0.06,-0.13,-0.22,-0.02
1978,10,-0.46,-0.71,-0.79,-0.38,-0.06,-0.13,-0.22,-0.02,0.02
1978,11,-0.38,-0.46,-0.71,-0.06,-0.13,-0.22,-0.02,0.02,-0.25
1978,12,-0.06,-0.38,-0.46,-0.13,-0.22,-0.02,0.02,-0.25,-0.29
1979,1,-0.13,-0.06,-0.38,-0.22,-0.02,0.02,-0.25,-0.29,-0.47
1979,2,-0.22,-0.13,-0.06,-0.02,0.02,-0.25,-0.29,-0.47,-0.1
1979,3,-0.02,-0.22,-0.13,0.02,-0.25,-0.29,-0.47,-0.1,0.28
1979,4,0.02,-0.02,-0.22,-0.25,-0.29,-0.47,-0.1,0.28,0.11
1979,5,-0.25,0.02,-0.02,-0.29,-0.47,-0.1,0.28,0.11,0.29
1979,6,-0.29,-0.25,0.02,-0.47,-0.1,0.28,0.11,0.29,0.52
1979,7,-0.47,-0.29,-0.25,-0.1,0.28,0.11,0.29,0.52,0.54
1979,8,-0.1,-0.47,-0.29,0.28,0.11,0.29,0.52,0.54,0.22
1979,9,0.28,-0.1,-0.47,0.11,0.29,0.52,0.54,0.22,0.03
1979,10,0.11,0.28,-0.1,0.29,0.52,0.54,0.22,0.03,-0.07
1979,11,0.29,0.11,0.28,0.52,0.54,0.22,0.03,-0.07,0.08
1979,12,0.52,0.29,0.11,0.54,0.22,0.03,-0.07,0.08,0.21
1980,1,0.54,0.52,0.29,0.22,0.03,-0.07,0.08,0.21,-0.06
1980,2,0.22,0.54,0.52,0.03,-0.07,0.08,0.21,-0.06,-0.38
1980,3,0.03,0.22,0.54,-0.07,0.08,0.21,-0.06,-0.38,-0.28
1980,4,-0.07,0.03,0.22,0.08,0.21,-0.06,-0.38,-0.28,-0.26
1980,5,0.08,-0.07,0.03,0.21,-0.06,-0.38,-0.28,-0.26,-0.1
1980,6,0.21,0.08,-0.07,-0.06,-0.38,-0.28,-0.26,-0.1,0.05
1980,7,-0.06,0.21,0.08,-0.38,-0.28,-0.26,-0.1,0.05,-0.36
1980,8,-0.38,-0.06,0.21,-0.28,-0.26,-0.1,0.05,-0.36,-0.64
1980,9,-0.28,-0.38,-0.06,-0.26,-0.1,0.05,-0.36,-0.64,-0.64
1980,10,-0.26,-0.28,-0.38,-0.1,0.05,-0.36,-0.64,-0.64,-0.53
1980,11,-0.1,-0.26,-0.28,0.05,-0.36,-0.64,-0.64,-0.53,-0.57
1980,12,0.05,-0.1,-0.26,-0.36,-0.64,-0.64,-0.53,-0.57,-0.46
1981,1,-0.36,0.05,-0.1,-0.64,-0.64,-0.53,-0.57,-0.46,-0.64
1981,2,-0.64,-0.36,0.05,-0.64,-0.53,-0.57,-0.46,-0.64,-0.53
1981,3,-0.64,-0.64,-0.36,-0.53,-0.57,-0.46,-0.64,-0.53,-0.19
1981,4,-0.53,-0.64,-0.64,-0.57,-0.46,-0.64,-0.53,-0.19,-0.3
1981,5,-0.57,-0.53,-0.64,-0.46,-0.64,-0.53,-0.19,-0.3,-0.41
1981,6,-0.46,-0.57,-0.53,-0.64,-0.53,-0.19,-0.3,-0.41,-0.2
1981,7,-0.64,-0.46,-0.57,-0.53,-0.19,-0.3,-0.41,-0.2,0.13
1981,8,-0.53,-0.64,-0.46,-0.19,-0.3,-0.41,-0.2,0.13,-0.17
1981,9,-0.19,-0.53,-0.64,-0.3,-0.41,-0.2,0.13,-0.17,0.13
1981,10,-0.3,-0.19,-0.53,-0.41,-0.2,0.13,-0.17,0.13,0.21
1981,11,-0.41,-0.3,-0.19,-0.2,0.13,-0.17,0.13,0.21,0.45
1981,12,-0.2,-0.41,-0.3,0.13,-0.17,0.13,0.21,0.45,0.53
1982,1,0.13,-0.2,-0.41,-0.17,0.13,0.21,0.45,0.53,0.37
1982,2,-0.17,0.13,-0.2,0.13,0.21,0.45,0.53,0.37,0.73
1982,3,0.13,-0.17,0.13,0.21,0.45,0.53,0.37,0.73,1.49
1982,4,0.21,0.13,-0.17,0.45,0.53,0.37,0.73,1.49,1.99
1982,5,0.45,0.21,0.13,0.53,0.37,0.73,1.49,1.99,1.92
1982,6,0.53,0.45,0.21,0.37,0.73,1.49,1.99,1.92,2.2
1982,7,0.37,0.53,0.45,0.73,1.49,1.99,1.92,2.2,2.35
1982,8,0.73,0.37,0.53,1.49,1.99,1.92,2.2,2.35,1.94
1982,9,1.49,0.73,0.37,1.99,1.92,2.2,2.35,1.94,1.38
1982,10,1.99,1.49,0.73,1.92,2.2,2.35,1.94,1.38,0.95
1982,11,1.92,1.99,1.49,2.2,2.35,1.94,1.38,0.95,0.9
1982,12,2.2,1.92,1.99,2.35,1.94,1.38,0.95,0.9,0.54
1983,1,2.35,2.2,1.92,1.94,1.38,0.95,0.9,0.54,-0.11
1983,2,1.94,2.35,2.2,1.38,0.95,0.9,0.54,-0.11,-0.27
1983,3,1.38,1.94,2.35,0.95,0.9,0.54,-0.11,-0.27,-0.52
1983,4,0.95,1.38,1.94,0.9,0.54,-0.11,-0.27,-0.52,-1.16
1983,5,0.9,0.95,1.38,0.54,-0.11,-0.27,-0.52,-1.16,-1.29
1983,6,0.54,0.9,0.95,-0.11,-0.27,-0.52,-1.16,-1.29,-1.03
1983,7,-0.11,0.54,0.9,-0.27,-0.52,-1.16,-1.29,-1.03,-0.67
1983,8,-0.27,-0.11,0.54,-0.52,-1.16,-1.29,-1.03,-0.67,-0.19
1983,9,-0.52,-0.27,-0.11,-1.16,-1.29,-1.03,-0.67,-0.19,-0.52
1983,10,-1.16,-0.52,-0.27,-1.29,-1.03,-0.67,-0.19,-0.52,-0.68
1983,11,-1.29,-1.16,-0.52,-1.03,-0.67,-0.19,-0.52,-0.68,-0.73
1983,12,-1.03,-1.29,-1.16,-0.67,-0.19,-0.52,-0.68,-0.73,-0.9
1984,1,-0.67,-1.03,-1.29,-0.19,-0.52,-0.68,-0.73,-0.9,-0.5
1984,2,-0.19,-0.67,-1.03,-0.52,-0.68,-0.73,-0.9,-0.5,-0.24
1984,3,-0.52,-0.19,-0.67,-0.68,-0.73,-0.9,-0.5,-0.24,-0.34
1984,4,-0.68,-0.52,-0.19,-0.73,-0.9,-0.5,-0.24,-0.34,-0.67
1984,5,-0.73,-0.68,-0.52,-0.9,-0.5,-0.24,-0.34,-0.67,-1.19
1984,6,-0.9,-0.73,-0.68,-0.5,-0.24,-0.34,-0.67,-1.19,-1.34
1984,7,-0.5,-0.9,-0.73,-0.24,-0.34,-0.67,-1.19,-1.34,-1.16
1984,8,-0.24,-0.5,-0.9,-0.34,-0.67,-1.19,-1.34,-1.16,-0.72
1984,9,-0.34,-0.24,-0.5,-0.67,-1.19,-1.34,-1.16,-0.72,-0.79
1984,10,-0.67,-0.34,-0.24,-1.19,-1.34,-1.16,-0.72,-0.79,-1.18
1984,11,-1.19,-0.67,-0.34,-1.34,-1.16,-0.72,-0.79,-1.18,-1.03
1984,12,-1.34,-1.19,-0.67,-1.16,-0.72,-0.79,-1.18,-1.03,-0.91
1985,1,-1.16,-1.34,-1.19,-0.72,-0.79,-1.18,-1.03,-0.91,-0.74
1985,2,-0.72,-1.16,-1.34,-0.79,-1.18,-1.03,-0.91,-0.74,-0.56
1985,3,-0.79,-0.72,-1.16,-1.18,-1.03,-0.91,-0.74,-0.56,-0.7
1985,4,-1.18,-0.79,-0.72,-1.03,-0.91,-0.74,-0.56,-0.7,-0.49
1985,5,-1.03,-1.18,-0.79,-0.91,-0.74,-0.56,-0.7,-0.49,-0.37
1985,6,-0.91,-1.03,-1.18,-0.74,-0.56,-0.7,-0.49,-0.37,-0.41
1985,7,-0.74,-0.91,-1.03,-0.56,-0.7,-0.49,-0.37,-0.41,-0.66
1985,8,-0.56,-0.74,-0.91,-0.7,-0.49,-0.37,-0.41,-0.66,-0.71
1985,9,-0.7,-0.56,-0.74,-0.49,-0.37,-0.41,-0.66,-0.71,-0.42
1985,10,-0.49,-0.7,-0.56,-0.37,-0.41,-0.66,-0.71,-0.42,-0.33
1985,11,-0.37,-0.49,-0.7,-0.41,-0.66,-0.71,-0.42,-0.33,-0.53
1985,12,-0.41,-0.37,-0.49,-0.66,-0.71,-0.42,-0.33,-0.53,-0.31
1986,1,-0.66,-0.41,-0.37,-0.71,-0.42,-0.33,-0.53,-0.31,-0.11
1986,2,-0.71,-0.66,-0.41,-0.42,-0.33,-0.53,-0.31,-0.11,0.32
1986,3,-0.42,-0.71,-0.66,-0.33,-0.53,-0.31,-0.11,0.32,0.53
1986,4,-0.33,-0.42,-0.71,-0.53,-0.31,-0.11,0.32,0.53,0.81
1986,5,-0.53,-0.33,-0.42,-0.31,-0.11,0.32,0.53,0.81,1.01
1986,6,-0.31,-0.53,-0.33,-0.11,0.32,0.53,0.81,1.01,1.12
1986,7,-0.11,-0.31,-0.53,0.32,0.53,0.81,1.01,1.12,1.14
1986,8,0.32,-0.11,-0.31,0.53,0.81,1.01,1.12,1.14,1.13
1986,9,0.53,0.32,-0.11,0.81,1.01,1.12,1.14,1.13,0.98
1986,10,0.81,0.53,0.32,1.01,1.12,1.14,1.13,0.98,0.58
1986,11,1.01,0.81,0.53,1.12,1.14,1.13,0.98,0.58,0.62
1986,12,1.12,1.01,0.81,1.14,1.13,0.98,0.58,0.62,0.92
1987,1,1.14,1.12,1.01,1.13,0.98,0.58,0.62,0.92,1.29
1987,2,1.13,1.14,1.12,0.98,0.58,0.62,0.92,1.29,1.57
1987,3,0.98,1.13,1.14,0.58,0.62,0.92,1.29,1.57,1.65
1987,4,0.58,0.98,1.13,0.62,0.92,1.29,1.57,1.65,1.24
1987,5,0.62,0.58,0.98,0.92,1.29,1.57,1.65,1.24,1.07
1987,6,0.92,0.62,0.58,1.29,1.57,1.65,1.24,1.07,0.94
1987,7,1.29,0.92,0.62,1.57,1.65,1.24,1.07,0.94,0.9
1987,8,1.57,1.29,0.92,1.65,1.24,1.07,0.94,0.9,0.28
1987,9,1.65,1.57,1.29,1.24,1.07,0.94,0.9,0.28,0.1
1987,10,1.24,1.65,1.57,1.07,0.94,0.9,0.28,0.1,-0.44
1987,11,1.07,1.24,1.65,0.94,0.9,0.28,0.1,-0.44,-1.25
1987,12,0.94,1.07,1.24,0.9,0.28,0.1,-0.44,-1.25,-1.74
1988,1,0.9,0.94,1.07,0.28,0.1,-0.44,-1.25,-1.74,-1.74
1988,2,0.28,0.9,0.94,0.1,-0.44,-1.25,-1.74,-1.74,-1.19
1988,3,0.1,0.28,0.9,-0.44,-1.25,-1.74,-1.74,-1.19,-1
1988,4,-0.44,0.1,0.28,-1.25,-1.74,-1.74,-1.19,-1,-1.9
1988,5,-1.25,-0.44,0.1,-1.74,-1.74,-1.19,-1,-1.9,-2.05
1988,6,-1.74,-1.25,-0.44,-1.74,-1.19,-1,-1.9,-2.05,-1.96
1988,7,-1.74,-1.74,-1.25,-1.19,-1,-1.9,-2.05,-1.96,-1.97
1988,8,-1.19,-1.74,-1.74,-1,-1.9,-2.05,-1.96,-1.97,-1.47
1988,9,-1,-1.19,-1.74,-1.9,-2.05,-1.96,-1.97,-1.47,-1.21
1988,10,-1.9,-1,-1.19,-2.05,-1.96,-1.97,-1.47,-1.21,-1.08
1988,11,-2.05,-1.9,-1,-1.96,-1.97,-1.47,-1.21,-1.08,-0.88
1988,12,-1.96,-2.05,-1.9,-1.97,-1.47,-1.21,-1.08,-0.88,-0.59
1989,1,-1.97,-1.96,-2.05,-1.47,-1.21,-1.08,-0.88,-0.59,-0.57
1989,2,-1.47,-1.97,-1.96,-1.21,-1.08,-0.88,-0.59,-0.57,-0.53
1989,3,-1.21,-1.47,-1.97,-1.08,-0.88,-0.59,-0.57,-0.53,-0.3
1989,4,-1.08,-1.21,-1.47,-0.88,-0.59,-0.57,-0.53,-0.3,-0.4
1989,5,-0.88,-1.08,-1.21,-0.59,-0.57,-0.53,-0.3,-0.4,-0.45
1989,6,-0.59,-0.88,-1.08,-0.57,-0.53,-0.3,-0.4,-0.45,-0.13
1989,7,-0.57,-0.59,-0.88,-0.53,-0.3,-0.4,-0.45,-0.13,0.01
1989,8,-0.53,-0.57,-0.59,-0.3,-0.4,-0.45,-0.13,0.01,0.21
1989,9,-0.3,-0.53,-0.57,-0.4,-0.45,-0.13,0.01,0.21,0.04
1989,10,-0.4,-0.3,-0.53,-0.45,-0.13,0.01,0.21,0.04,0.08
1989,11,-0.45,-0.4,-0.3,-0.13,0.01,0.21,0.04,0.08,0.08
1989,12,-0.13,-0.45,-0.4,0.01,0.21,0.04,0.08,0.08,-0.08
1990,1,0.01,-0.13,-0.45,0.21,0.04,0.08,0.08,-0.08,0.09
1990,2,0.21,0.01,-0.13,0.04,0.08,0.08,-0.08,0.09,0.22
1990,3,0.04,0.21,0.01,0.08,0.08,-0.08,0.09,0.22,0.22
1990,4,0.08,0.04,0.21,0.08,-0.08,0.09,0.22,0.22,0.21
1990,5,0.08,0.08,0.04,-0.08,0.09,0.22,0.22,0.21,0.1
1990,6,-0.08,0.08,0.08,0.09,0.22,0.22,0.21,0.1,0.35
1990,7,0.09,-0.08,0.08,0.22,0.22,0.21,0.1,0.35,0.49
1990,8,0.22,0.09,-0.08,0.22,0.21,0.1,0.35,0.49,0.32
1990,9,0.22,0.22,0.09,0.21,0.1,0.35,0.49,0.32,0.03
1990,10,0.21,0.22,0.22,0.1,0.35,0.49,0.32,0.03,0.19
1990,11,0.1,0.21,0.22,0.35,0.49,0.32,0.03,0.19,0.26
1990,12,0.35,0.1,0.21,0.49,0.32,0.03,0.19,0.26,0.52
1991,1,0.49,0.35,0.1,0.32,0.03,0.19,0.26,0.52,0.76
1991,2,0.32,0.49,0.35,0.03,0.19,0.26,0.52,0.76,0.68
1991,3,0.03,0.32,0.49,0.19,0.26,0.52,0.76,0.68,0.42
1991,4,0.19,0.03,0.32,0.26,0.52,0.76,0.68,0.42,0.86
1991,5,0.26,0.19,0.03,0.52,0.76,0.68,0.42,0.86,1.2
1991,6,0.52,0.26,0.19,0.76,0.68,0.42,0.86,1.2,1.69
1991,7,0.76,0.52,0.26,0.68,0.42,0.86,1.2,1.69,1.84
1991,8,0.68,0.76,0.52,0.42,0.86,1.2,1.69,1.84,1.78
1991,9,0.42,0.68,0.76,0.86,1.2,1.69,1.84,1.78,1.38
1991,10,0.86,0.42,0.68,1.2,1.69,1.84,1.78,1.38,1.2
1991,11,1.2,0.86,0.42,1.69,1.84,1.78,1.38,1.2,1.04
1991,12,1.69,1.2,0.86,1.84,1.78,1.38,1.2,1.04,0.58
1992,1,1.84,1.69,1.2,1.78,1.38,1.2,1.04,0.58,0.22
1992,2,1.78,1.84,1.69,1.38,1.2,1.04,0.58,0.22,0.05
1992,3,1.38,1.78,1.84,1.2,1.04,0.58,0.22,0.05,-0.06
1992,4,1.2,1.38,1.78,1.04,0.58,0.22,0.05,-0.06,-0.3
1992,5,1.04,1.2,1.38,0.58,0.22,0.05,-0.06,-0.3,-0.28
1992,6,0.58,1.04,1.2,0.22,0.05,-0.06,-0.3,-0.28,-0.15
1992,7,0.22,0.58,1.04,0.05,-0.06,-0.3,-0.28,-0.15,0.14
1992,8,0.05,0.22,0.58,-0.06,-0.3,-0.28,-0.15,0.14,0.41
1992,9,-0.06,0.05,0.22,-0.3,-0.28,-0.15,0.14,0.41,0.39
1992,10,-0.3,-0.06,0.05,-0.28,-0.15,0.14,0.41,0.39,0.59
1992,11,-0.28,-0.3,-0.06,-0.15,0.14,0.41,0.39,0.59,0.78
1992,12,-0.15,-0.28,-0.3,0.14,0.41,0.39,0.59,0.78,0.35
1993,1,0.14,-0.15,-0.28,0.41,0.39,0.59,0.78,0.35,0.23
1993,2,0.41,0.14,-0.15,0.39,0.59,0.78,0.35,0.23,0.13
1993,3,0.39,0.41,0.14,0.59,0.78,0.35,0.23,0.13,0.35
1993,4,0.59,0.39,0.41,0.78,0.35,0.23,0.13,0.35,0.06
1993,5,0.78,0.59,0.39,0.35,0.23,0.13,0.35,0.06,0
1993,6,0.35,0.78,0.59,0.23,0.13,0.35,0.06,0,0.16
1993,7,0.23,0.35,0.78,0.13,0.35,0.06,0,0.16,0.1
1993,8,0.13,0.23,0.35,0.35,0.06,0,0.16,0.1,0.06
1993,9,0.35,0.13,0.23,0.06,0,0.16,0.1,0.06,0.11
1993,10,0.06,0.35,0.13,0,0.16,0.1,0.06,0.11,0.26
1993,11,0,0.06,0.35,0.16,0.1,0.06,0.11,0.26,0.31
1993,12,0.16,0,0.06,0.1,0.06,0.11,0.26,0.31,0.32
1994,1,0.1,0.16,0,0.06,0.11,0.26,0.31,0.32,0.24
1994,2,0.06,0.1,0.16,0.11,0.26,0.31,0.32,0.24,0.53
1994,3,0.11,0.06,0.1,0.26,0.31,0.32,0.24,0.53,0.48
1994,4,0.26,0.11,0.06,0.31,0.32,0.24,0.53,0.48,0.75
1994,5,0.31,0.26,0.11,0.32,0.24,0.53,0.48,0.75,1.11
1994,6,0.32,0.31,0.26,0.24,0.53,0.48,0.75,1.11,1.25
1994,7,0.24,0.32,0.31,0.53,0.48,0.75,1.11,1.25,1.02
1994,8,0.53,0.24,0.32,0.48,0.75,1.11,1.25,1.02,0.73
1994,9,0.48,0.53,0.24,0.75,1.11,1.25,1.02,0.73,0.46
1994,10,0.75,0.48,0.53,1.11,1.25,1.02,0.73,0.46,0.28
1994,11,1.11,0.75,0.48,1.25,1.02,0.73,0.46,0.28,-0.11
1994,12,1.25,1.11,0.75,1.02,0.73,0.46,0.28,-0.11,-0.14
1995,1,1.02,1.25,1.11,0.73,0.46,0.28,-0.11,-0.14,-0.21
1995,2,0.73,1.02,1.25,0.46,0.28,-0.11,-0.14,-0.21,-0.63
1995,3,0.46,0.73,1.02,0.28,-0.11,-0.14,-0.21,-0.63,-0.84
1995,4,0.28,0.46,0.73,-0.11,-0.14,-0.21,-0.63,-0.84,-0.88
1995,5,-0.11,0.28,0.46,-0.14,-0.21,-0.63,-0.84,-0.88,-1.1
1995,6,-0.14,-0.11,0.28,-0.21,-0.63,-0.84,-0.88,-1.1,-0.95
1995,7,-0.21,-0.14,-0.11,-0.63,-0.84,-0.88,-1.1,-0.95,-0.86
1995,8,-0.63,-0.21,-0.14,-0.84,-0.88,-1.1,-0.95,-0.86,-0.86
1995,9,-0.84,-0.63,-0.21,-0.88,-1.1,-0.95,-0.86,-0.86,-0.61
1995,10,-0.88,-0.84,-0.63,-1.1,-0.95,-0.86,-0.86,-0.61,-0.47
1995,11,-1.1,-0.88,-0.84,-0.95,-0.86,-0.86,-0.61,-0.47,-0.38
1995,12,-0.95,-1.1,-0.88,-0.86,-0.86,-0.61,-0.47,-0.38,-0.44
1996,1,-0.86,-0.95,-1.1,-0.86,-0.61,-0.47,-0.38,-0.44,-0.44
1996,2,-0.86,-0.86,-0.95,-0.61,-0.47,-0.38,-0.44,-0.44,-0.22
1996,3,-0.61,-0.86,-0.86,-0.47,-0.38,-0.44,-0.44,-0.22,-0.45
1996,4,-0.47,-0.61,-0.86,-0.38,-0.44,-0.44,-0.22,-0.45,-0.44
1996,5,-0.38,-0.47,-0.61,-0.44,-0.44,-0.22,-0.45,-0.44,-0.41
1996,6,-0.44,-0.38,-0.47,-0.44,-0.22,-0.45,-0.44,-0.41,-0.64
1996,7,-0.44,-0.44,-0.38,-0.22,-0.45,-0.44,-0.41,-0.64,-0.53
1996,8,-0.22,-0.44,-0.44,-0.45,-0.44,-0.41,-0.64,-0.53,-0.37
1996,9,-0.45,-0.22,-0.44,-0.44,-0.41,-0.64,-0.53,-0.37,-0.25
1996,10,-0.44,-0.45,-0.22,-0.41,-0.64,-0.53,-0.37,-0.25,0.16
1996,11,-0.41,-0.44,-0.45,-0.64,-0.53,-0.37,-0.25,0.16,0.64
1996,12,-0.64,-0.41,-0.44,-0.53,-0.37,-0.25,0.16,0.64,1.09
1997,1,-0.53,-0.64,-0.41,-0.37,-0.25,0.16,0.64,1.09,1.56
1997,2,-0.37,-0.53,-0.64,-0.25,0.16,0.64,1.09,1.56,1.89
1997,3,-0.25,-0.37,-0.53,0.16,0.64,1.09,1.56,1.89,2.13
1997,4,0.16,-0.25,-0.37,0.64,1.09,1.56,1.89,2.13,2.36
1997,5,0.64,0.16,-0.25,1.09,1.56,1.89,2.13,2.36,2.41
1997,6,1.09,0.64,0.16,1.56,1.89,2.13,2.36,2.41,2.29
1997,7,1.56,1.09,0.64,1.89,2.13,2.36,2.41,2.29,2.38
1997,8,1.89,1.56,1.09,2.13,2.36,2.41,2.29,2.38,2.03
1997,9,2.13,1.89,1.56,2.36,2.41,2.29,2.38,2.03,1.34
1997,10,2.36,2.13,1.89,2.41,2.29,2.38,2.03,1.34,0.78
1997,11,2.41,2.36,2.13,2.29,2.38,2.03,1.34,0.78,0.57
1997,12,2.29,2.41,2.36,2.38,2.03,1.34,0.78,0.57,-0.39
1998,1,2.38,2.29,2.41,2.03,1.34,0.78,0.57,-0.39,-0.99
1998,2,2.03,2.38,2.29,1.34,0.78,0.57,-0.39,-0.99,-1.28
1998,3,1.34,2.03,2.38,0.78,0.57,-0.39,-0.99,-1.28,-1.26
1998,4,0.78,1.34,2.03,0.57,-0.39,-0.99,-1.28,-1.26,-1.46
1998,5,0.57,0.78,1.34,-0.39,-0.99,-1.28,-1.26,-1.46,-1.46
1998,6,-0.39,0.57,0.78,-0.99,-1.28,-1.26,-1.46,-1.46,-1.69
1998,7,-0.99,-0.39,0.57,-1.28,-1.26,-1.46,-1.46,-1.69,-1.69
1998,8,-1.28,-0.99,-0.39,-1.26,-1.46,-1.46,-1.69,-1.69,-1.32
1998,9,-1.26,-1.28,-0.99,-1.46,-1.46,-1.69,-1.69,-1.32,-0.95
1998,10,-1.46,-1.26,-1.28,-1.46,-1.69,-1.69,-1.32,-0.95,-1.11
1998,11,-1.46,-1.46,-1.26,-1.69,-1.69,-1.32,-0.95,-1.11,-1.15
1998,12,-1.69,-1.46,-1.46,-1.69,-1.32,-0.95,-1.11,-1.15,-1.19
1999,1,-1.69,-1.69,-1.46,-1.32,-0.95,-1.11,-1.15,-1.19,-1.17
1999,2,-1.32,-1.69,-1.69,-0.95,-1.11,-1.15,-1.19,-1.17,-1.22
1999,3,-0.95,-1.32,-1.69,-1.11,-1.15,-1.19,-1.17,-1.22,-1.09
1999,4,-1.11,-0.95,-1.32,-1.15,-1.19,-1.17,-1.22,-1.09,-1.23
1999,5,-1.15,-1.11,-0.95,-1.19,-1.17,-1.22,-1.09,-1.23,-1.58
1999,6,-1.19,-1.15,-1.11,-1.17,-1.22,-1.09,-1.23,-1.58,-1.74
1999,7,-1.17,-1.19,-1.15,-1.22,-1.09,-1.23,-1.58,-1.74,-1.77
1999,8,-1.22,-1.17,-1.19,-1.09,-1.23,-1.58,-1.74,-1.77,-1.55
1999,9,-1.09,-1.22,-1.17,-1.23,-1.58,-1.74,-1.77,-1.55,-0.98
1999,10,-1.23,-1.09,-1.22,-1.58,-1.74,-1.77,-1.55,-0.98,-0.87
1999,11,-1.58,-1.23,-1.09,-1.74,-1.77,-1.55,-0.98,-0.87,-0.86
1999,12,-1.74,-1.58,-1.23,-1.77,-1.55,-0.98,-0.87,-0.86,-0.79
2000,1,-1.77,-1.74,-1.58,-1.55,-0.98,-0.87,-0.86,-0.79,-0.67
2000,2,-1.55,-1.77,-1.74,-0.98,-0.87,-0.86,-0.79,-0.67,-0.49
2000,3,-0.98,-1.55,-1.77,-0.87,-0.86,-0.79,-0.67,-0.49,-0.52
2000,4,-0.87,-0.98,-1.55,-0.86,-0.79,-0.67,-0.49,-0.52,-0.7
2000,5,-0.86,-0.87,-0.98,-0.79,-0.67,-0.49,-0.52,-0.7,-0.79
2000,6,-0.79,-0.86,-0.87,-0.67,-0.49,-0.52,-0.7,-0.79,-0.92
2000,7,-0.67,-0.79,-0.86,-0.49,-0.52,-0.7,-0.79,-0.92,-0.73
2000,8,-0.49,-0.67,-0.79,-0.52,-0.7,-0.79,-0.92,-0.73,-0.63
2000,9,-0.52,-0.49,-0.67,-0.7,-0.79,-0.92,-0.73,-0.63,-0.48
2000,10,-0.7,-0.52,-0.49,-0.79,-0.92,-0.73,-0.63,-0.48,-0.49
2000,11,-0.79,-0.7,-0.52,-0.92,-0.73,-0.63,-0.48,-0.49,-0.34
2000,12,-0.92,-0.79,-0.7,-0.73,-0.63,-0.48,-0.49,-0.34,-0.19
2001,1,-0.73,-0.92,-0.79,-0.63,-0.48,-0.49,-0.34,-0.19,-0.04
2001,2,-0.63,-0.73,-0.92,-0.48,-0.49,-0.34,-0.19,-0.04,-0.05
2001,3,-0.48,-0.63,-0.73,-0.49,-0.34,-0.19,-0.04,-0.05,-0.2
2001,4,-0.49,-0.48,-0.63,-0.34,-0.19,-0.04,-0.05,-0.2,-0.14
2001,5,-0.34,-0.49,-0.48,-0.19,-0.04,-0.05,-0.2,-0.14,-0.37
2001,6,-0.19,-0.34,-0.49,-0.04,-0.05,-0.2,-0.14,-0.37,-0.41
2001,7,-0.04,-0.19,-0.34,-0.05,-0.2,-0.14,-0.37,-0.41,-0.15
2001,8,-0.05,-0.04,-0.19,-0.2,-0.14,-0.37,-0.41,-0.15,-0.04
2001,9,-0.2,-0.05,-0.04,-0.14,-0.37,-0.41,-0.15,-0.04,0.01
2001,10,-0.14,-0.2,-0.05,-0.37,-0.41,-0.15,-0.04,0.01,0.02
2001,11,-0.37,-0.14,-0.2,-0.41,-0.15,-0.04,0.01,0.02,0.31
2001,12,-0.41,-0.37,-0.14,-0.15,-0.04,0.01,0.02,0.31,0.72
2002,1,-0.15,-0.41,-0.37,-0.04,0.01,0.02,0.31,0.72,0.74
2002,2,-0.04,-0.15,-0.41,0.01,0.02,0.31,0.72,0.74,0.87
2002,3,0.01,-0.04,-0.15,0.02,0.31,0.72,0.74,0.87,1.09
2002,4,0.02,0.01,-0.04,0.31,0.72,0.74,0.87,1.09,1.25
2002,5,0.31,0.02,0.01,0.72,0.74,0.87,1.09,1.25,1.47
2002,6,0.72,0.31,0.02,0.74,0.87,1.09,1.25,1.47,1.37
2002,7,0.74,0.72,0.31,0.87,1.09,1.25,1.47,1.37,0.6
2002,8,0.87,0.74,0.72,1.09,1.25,1.47,1.37,0.6,0.64
2002,9,1.09,0.87,0.74,1.25,1.47,1.37,0.6,0.64,0.36
2002,10,1.25,1.09,0.87,1.47,1.37,0.6,0.64,0.36,-0.14
2002,11,1.47,1.25,1.09,1.37,0.6,0.64,0.36,-0.14,-0.61
2002,12,1.37,1.47,1.25,0.6,0.64,0.36,-0.14,-0.61,-0.29
2003,1,0.6,1.37,1.47,0.64,0.36,-0.14,-0.61,-0.29,0.21
2003,2,0.64,0.6,1.37,0.36,-0.14,-0.61,-0.29,0.21,0.26
2003,3,0.36,0.64,0.6,-0.14,-0.61,-0.29,0.21,0.26,0.27
2003,4,-0.14,0.36,0.64,-0.61,-0.29,0.21,0.26,0.27,0.42
2003,5,-0.61,-0.14,0.36,-0.29,0.21,0.26,0.27,0.42,0.33
2003,6,-0.29,-0.61,-0.14,0.21,0.26,0.27,0.42,0.33,0.43
2003,7,0.21,-0.29,-0.61,0.26,0.27,0.42,0.33,0.43,0.27
2003,8,0.26,0.21,-0.29,0.27,0.42,0.33,0.43,0.27,0.23
2003,9,0.27,0.26,0.21,0.42,0.33,0.43,0.27,0.23,0.12
2003,10,0.42,0.27,0.26,0.33,0.43,0.27,0.23,0.12,0.07
2003,11,0.33,0.42,0.27,0.43,0.27,0.23,0.12,0.07,0.06
2003,12,0.43,0.33,0.42,0.27,0.23,0.12,0.07,0.06,0.13
2004,1,0.27,0.43,0.33,0.23,0.12,0.07,0.06,0.13,0.49
2004,2,0.23,0.27,0.43,0.12,0.07,0.06,0.13,0.49,0.76
2004,3,0.12,0.23,0.27,0.07,0.06,0.13,0.49,0.76,0.81
2004,4,0.07,0.12,0.23,0.06,0.13,0.49,0.76,0.81,0.73
2004,5,0.06,0.07,0.12,0.13,0.49,0.76,0.81,0.73,0.66
2004,6,0.13,0.06,0.07,0.49,0.76,0.81,0.73,0.66,0.74
2004,7,0.49,0.13,0.06,0.76,0.81,0.73,0.66,0.74,0.66
2004,8,0.76,0.49,0.13,0.81,0.73,0.66,0.74,0.66,0.36
2004,9,0.81,0.76,0.49,0.73,0.66,0.74,0.66,0.36,0.45
2004,10,0.73,0.81,0.76,0.66,0.74,0.66,0.36,0.45,0.26
2004,11,0.66,0.73,0.81,0.74,0.66,0.36,0.45,0.26,0.3
2004,12,0.74,0.66,0.73,0.66,0.36,0.45,0.26,0.3,0.04
2005,1,0.66,0.74,0.66,0.36,0.45,0.26,0.3,0.04,-0.23
2005,2,0.36,0.66,0.74,0.45,0.26,0.3,0.04,-0.23,-0.05
2005,3,0.45,0.36,0.66,0.26,0.3,0.04,-0.23,-0.05,-0.04
2005,4,0.26,0.45,0.36,0.3,0.04,-0.23,-0.05,-0.04,-0.06
2005,5,0.3,0.26,0.45,0.04,-0.23,-0.05,-0.04,-0.06,-0.59
2005,6,0.04,0.3,0.26,-0.23,-0.05,-0.04,-0.06,-0.59,-0.92
2005,7,-0.23,0.04,0.3,-0.05,-0.04,-0.06,-0.59,-0.92,-0.91
2005,8,-0.05,-0.23,0.04,-0.04,-0.06,-0.59,-0.92,-0.91,-0.67
2005,9,-0.04,-0.05,-0.23,-0.06,-0.59,-0.92,-0.91,-0.67,-0.71
2005,10,-0.06,-0.04,-0.05,-0.59,-0.92,-0.91,-0.67,-0.71,-0.32
2005,11,-0.59,-0.06,-0.04,-0.92,-0.91,-0.67,-0.71,-0.32,-0.09
2005,12,-0.92,-0.59,-0.06,-0.91,-0.67,-0.71,-0.32,-0.09,0
2006,1,-0.91,-0.92,-0.59,-0.67,-0.71,-0.32,-0.09,0,0.01
2006,2,-0.67,-0.91,-0.92,-0.71,-0.32,-0.09,0,0.01,0.31
2006,3,-0.71,-0.67,-0.91,-0.32,-0.09,0,0.01,0.31,0.6
2006,4,-0.32,-0.71,-0.67,-0.09,0,0.01,0.31,0.6,0.7
2006,5,-0.09,-0.32,-0.71,0,0.01,0.31,0.6,0.7,0.99
2006,6,0,-0.09,-0.32,0.01,0.31,0.6,0.7,0.99,1.14
2006,7,0.01,0,-0.09,0.31,0.6,0.7,0.99,1.14,0.7
2006,8,0.31,0.01,0,0.6,0.7,0.99,1.14,0.7,0.13
2006,9,0.6,0.31,0.01,0.7,0.99,1.14,0.7,0.13,-0.18
2006,10,0.7,0.6,0.31,0.99,1.14,0.7,0.13,-0.18,-0.32
2006,11,0.99,0.7,0.6,1.14,0.7,0.13,-0.18,-0.32,-0.47
2006,12,1.14,0.99,0.7,0.7,0.13,-0.18,-0.32,-0.47,-0.35
2007,1,0.7,1.14,0.99,0.13,-0.18,-0.32,-0.47,-0.35,-0.59
2007,2,0.13,0.7,1.14,-0.18,-0.32,-0.47,-0.35,-0.59,-0.72
2007,3,-0.18,0.13,0.7,-0.32,-0.47,-0.35,-0.59,-0.72,-1.11
2007,4,-0.32,-0.18,0.13,-0.47,-0.35,-0.59,-0.72,-1.11,-1.39
2007,5,-0.47,-0.32,-0.18,-0.35,-0.59,-0.72,-1.11,-1.39,-1.54
2007,6,-0.35,-0.47,-0.32,-0.59,-0.72,-1.11,-1.39,-1.54,-1.58
2007,7,-0.59,-0.35,-0.47,-0.72,-1.11,-1.39,-1.54,-1.58,-1.68
2007,8,-0.72,-0.59,-0.35,-1.11,-1.39,-1.54,-1.58,-1.68,-1.67
2007,9,-1.11,-0.72,-0.59,-1.39,-1.54,-1.58,-1.68,-1.67,-1.21
2007,10,-1.39,-1.11,-0.72,-1.54,-1.58,-1.68,-1.67,-1.21,-0.99
2007,11,-1.54,-1.39,-1.11,-1.58,-1.68,-1.67,-1.21,-0.99,-0.84
2007,12,-1.58,-1.54,-1.39,-1.68,-1.67,-1.21,-0.99,-0.84,-0.68
2008,1,-1.68,-1.58,-1.54,-1.67,-1.21,-0.99,-0.84,-0.68,-0.3
2008,2,-1.67,-1.68,-1.58,-1.21,-0.99,-0.84,-0.68,-0.3,-0.13
2008,3,-1.21,-1.67,-1.68,-0.99,-0.84,-0.68,-0.3,-0.13,-0.25
2008,4,-0.99,-1.21,-1.67,-0.84,-0.68,-0.3,-0.13,-0.25,-0.35
2008,5,-0.84,-0.99,-1.21,-0.68,-0.3,-0.13,-0.25,-0.35,-0.46
2008,6,-0.68,-0.84,-0.99,-0.3,-0.13,-0.25,-0.35,-0.46,-0.86
2008,7,-0.3,-0.68,-0.84,-0.13,-0.25,-0.35,-0.46,-0.86,-0.89
2008,8,-0.13,-0.3,-0.68,-0.25,-0.35,-0.46,-0.86,-0.89,-0.79
2008,9,-0.25,-0.13,-0.3,-0.35,-0.46,-0.86,-0.89,-0.79,-0.69
2008,10,-0.35,-0.25,-0.13,-0.46,-0.86,-0.89,-0.79,-0.69,-0.35
2008,11,-0.46,-0.35,-0.25,-0.86,-0.89,-0.79,-0.69,-0.35,0.06
2008,12,-0.86,-0.46,-0.35,-0.89,-0.79,-0.69,-0.35,0.06,0.31
2009,1,-0.89,-0.86,-0.46,-0.79,-0.69,-0.35,0.06,0.31,0.48
2009,2,-0.79,-0.89,-0.86,-0.69,-0.35,0.06,0.31,0.48,0.56
2009,3,-0.69,-0.79,-0.89,-0.35,0.06,0.31,0.48,0.56,0.68
2009,4,-0.35,-0.69,-0.79,0.06,0.31,0.48,0.56,0.68,0.89
2009,5,0.06,-0.35,-0.69,0.31,0.48,0.56,0.68,0.89,1.46
2009,6,0.31,0.06,-0.35,0.48,0.56,0.68,0.89,1.46,1.74
2009,7,0.48,0.31,0.06,0.56,0.68,0.89,1.46,1.74,1.52
2009,8,0.56,0.48,0.31,0.68,0.89,1.46,1.74,1.52,1.25
2009,9,0.68,0.56,0.48,0.89,1.46,1.74,1.52,1.25,0.9
2009,10,0.89,0.68,0.56,1.46,1.74,1.52,1.25,0.9,0.38
2009,11,1.46,0.89,0.68,1.74,1.52,1.25,0.9,0.38,-0.22
2009,12,1.74,1.46,0.89,1.52,1.25,0.9,0.38,-0.22,-0.69
2010,1,1.52,1.74,1.46,1.25,0.9,0.38,-0.22,-0.69,-1.07
2010,2,1.25,1.52,1.74,0.9,0.38,-0.22,-0.69,-1.07,-1.39
2010,3,0.9,1.25,1.52,0.38,-0.22,-0.69,-1.07,-1.39,-1.6
2010,4,0.38,0.9,1.25,-0.22,-0.69,-1.07,-1.39,-1.6,-1.69
2010,5,-0.22,0.38,0.9,-0.69,-1.07,-1.39,-1.6,-1.69,-1.64
2010,6,-0.69,-0.22,0.38,-1.07,-1.39,-1.6,-1.69,-1.64,-1.6
2010,7,-1.07,-0.69,-0.22,-1.39,-1.6,-1.69,-1.64,-1.6,-1.54
2010,8,-1.39,-1.07,-0.69,-1.6,-1.69,-1.64,-1.6,-1.54,-1.11
2010,9,-1.6,-1.39,-1.07,-1.69,-1.64,-1.6,-1.54,-1.11,-0.93
2010,10,-1.69,-1.6,-1.39,-1.64,-1.6,-1.54,-1.11,-0.93,-0.77
2010,11,-1.64,-1.69,-1.6,-1.6,-1.54,-1.11,-0.93,-0.77,-0.52
2010,12,-1.6,-1.64,-1.69,-1.54,-1.11,-0.93,-0.77,-0.52,-0.38
2011,1,-1.54,-1.6,-1.64,-1.11,-0.93,-0.77,-0.52,-0.38,-0.43
2011,2,-1.11,-1.54,-1.6,-0.93,-0.77,-0.52,-0.38,-0.43,-0.65
2011,3,-0.93,-1.11,-1.54,-0.77,-0.52,-0.38,-0.43,-0.65,-0.8
2011,4,-0.77,-0.93,-1.11,-0.52,-0.38,-0.43,-0.65,-0.8,-1.05
2011,5,-0.52,-0.77,-0.93,-0.38,-0.43,-0.65,-0.8,-1.05,-1.19
2011,6,-0.38,-0.52,-0.77,-0.43,-0.65,-0.8,-1.05,-1.19,-1.06
2011,7,-0.43,-0.38,-0.52,-0.65,-0.8,-1.05,-1.19,-1.06,-0.87
2011,8,-0.65,-0.43,-0.38,-0.8,-1.05,-1.19,-1.06,-0.87,-0.67
2011,9,-0.8,-0.65,-0.43,-1.05,-1.19,-1.06,-0.87,-0.67,-0.61
2011,10,-1.05,-0.8,-0.65,-1.19,-1.06,-0.87,-0.67,-0.61,-0.5
2011,11,-1.19,-1.05,-0.8,-1.06,-0.87,-0.67,-0.61,-0.5,-0.32
2011,12,-1.06,-1.19,-1.05,-0.87,-0.67,-0.61,-0.5,-0.32,0.02
2012,1,-0.87,-1.06,-1.19,-0.67,-0.61,-0.5,-0.32,0.02,0.25
2012,2,-0.67,-0.87,-1.06,-0.61,-0.5,-0.32,0.02,0.25,0.47
2012,3,-0.61,-0.67,-0.87,-0.5,-0.32,0.02,0.25,0.47,0.38
2012,4,-0.5,-0.61,-0.67,-0.32,0.02,0.25,0.47,0.38,0.26
2012,5,-0.32,-0.5,-0.61,0.02,0.25,0.47,0.38,0.26,0.16
2012,6,0.02,-0.32,-0.5,0.25,0.47,0.38,0.26,0.16,-0.25
2012,7,0.25,0.02,-0.32,0.47,0.38,0.26,0.16,-0.25,-0.53
2012,8,0.47,0.25,0.02,0.38,0.26,0.16,-0.25,-0.53,-0.52
2012,9,0.38,0.47,0.25,0.26,0.16,-0.25,-0.53,-0.52,-0.25
2012,10,0.26,0.38,0.47,0.16,-0.25,-0.53,-0.52,-0.25,-0.25
2012,11,0.16,0.26,0.38,-0.25,-0.53,-0.52,-0.25,-0.25,-0.4
2012,12,-0.25,0.16,0.26,-0.53,-0.52,-0.25,-0.25,-0.4,-0.42
2013,1,-0.53,-0.25,0.16,-0.52,-0.25,-0.25,-0.4,-0.42,-0.39
2013,2,-0.52,-0.53,-0.25,-0.25,-0.25,-0.4,-0.42,-0.39,-0.38
2013,3,-0.25,-0.52,-0.53,-0.25,-0.4,-0.42,-0.39,-0.38,-0.18
2013,4,-0.25,-0.25,-0.52,-0.4,-0.42,-0.39,-0.38,-0.18,-0.2
2013,5,-0.4,-0.25,-0.25,-0.42,-0.39,-0.38,-0.18,-0.2,-0.14
2013,6,-0.42,-0.4,-0.25,-0.39,-0.38,-0.18,-0.2,-0.14,-0.17
2013,7,-0.39,-0.42,-0.4,-0.38,-0.18,-0.2,-0.14,-0.17,-0.49
2013,8,-0.38,-0.39,-0.42,-0.18,-0.2,-0.14,-0.17,-0.49,-0.62
2013,9,-0.18,-0.38,-0.39,-0.2,-0.14,-0.17,-0.49,-0.62,-0.28
2013,10,-0.2,-0.18,-0.38,-0.14,-0.17,-0.49,-0.62,-0.28,0.08
2013,11,-0.14,-0.2,-0.18,-0.17,-0.49,-0.62,-0.28,0.08,0.32
2013,12,-0.17,-0.14,-0.2,-0.49,-0.62,-0.28,0.08,0.32,0.23
2014,1,-0.49,-0.17,-0.14,-0.62,-0.28,0.08,0.32,0.23,-0.06
2014,2,-0.62,-0.49,-0.17,-0.28,0.08,0.32,0.23,-0.06,-0.03
2014,3,-0.28,-0.62,-0.49,0.08,0.32,0.23,-0.06,-0.03,0.29
2014,4,0.08,-0.28,-0.62,0.32,0.23,-0.06,-0.03,0.29,0.44
2014,5,0.32,0.08,-0.28,0.23,-0.06,-0.03,0.29,0.44,0.75
2014,6,0.23,0.32,0.08,-0.06,-0.03,0.29,0.44,0.75,0.71
2014,7,-0.06,0.23,0.32,-0.03,0.29,0.44,0.75,0.71,0.51
2014,8,-0.03,-0.06,0.23,0.29,0.44,0.75,0.71,0.51,0.42
2014,9,0.29,-0.03,-0.06,0.44,0.75,0.71,0.51,0.42,0.47
2014,10,0.44,0.29,-0.03,0.75,0.71,0.51,0.42,0.47,0.7
2014,11,0.75,0.44,0.29,0.71,0.51,0.42,0.47,0.7,0.92
2014,12,0.71,0.75,0.44,0.51,0.42,0.47,0.7,0.92,1.18
2015,1,0.51,0.71,0.75,0.42,0.47,0.7,0.92,1.18,1.46
2015,2,0.42,0.51,0.71,0.47,0.7,0.92,1.18,1.46,1.93
2015,3,0.47,0.42,0.51,0.7,0.92,1.18,1.46,1.93,2.21
2015,4,0.7,0.47,0.42,0.92,1.18,1.46,1.93,2.21,2.36
2015,5,0.92,0.7,0.47,1.18,1.46,1.93,2.21,2.36,2.72
2015,6,1.18,0.92,0.7,1.46,1.93,2.21,2.36,2.72,2.66
2015,7,1.46,1.18,0.92,1.93,2.21,2.36,2.72,2.66,2.57
2015,8,1.93,1.46,1.18,2.21,2.36,2.72,2.66,2.57,2.26
2015,9,2.21,1.93,1.46,2.36,2.72,2.66,2.57,2.26,1.62
2015,10,2.36,2.21,1.93,2.72,2.66,2.57,2.26,1.62,0.91
2015,11,2.72,2.36,2.21,2.66,2.57,2.26,1.62,0.91,0.3
2015,12,2.66,2.72,2.36,2.57,2.26,1.62,0.91,0.3,-0.03
2016,1,2.57,2.66,2.72,2.26,1.62,0.91,0.3,-0.03,-0.48
2016,2,2.26,2.57,2.66,1.62,0.91,0.3,-0.03,-0.48,-0.58
2016,3,1.62,2.26,2.57,0.91,0.3,-0.03,-0.48,-0.58,-0.58
2016,4,0.91,1.62,2.26,0.3,-0.03,-0.48,-0.58,-0.58,-0.74
2016,5,0.3,0.91,1.62,-0.03,-0.48,-0.58,-0.58,-0.74,-0.76
2016,6,-0.03,0.3,0.91,-0.48,-0.58,-0.58,-0.74,-0.76,-0.5
2016,7,-0.48,-0.03,0.3,-0.58,-0.58,-0.74,-0.76,-0.5,-0.43
2016,8,-0.58,-0.48,-0.03,-0.58,-0.74,-0.76,-0.5,-0.43,-0.08
2016,9,-0.58,-0.58,-0.48,-0.74,-0.76,-0.5,-0.43,-0.08,0.03
2016,10,-0.74,-0.58,-0.58,-0.76,-0.5,-0.43,-0.08,0.03,0.22
2016,11,-0.76,-0.74,-0.58,-0.5,-0.43,-0.08,0.03,0.22,0.37
2016,12,-0.5,-0.76,-0.74,-0.43,-0.08,0.03,0.22,0.37,0.34
